{
  "segmentation": {
    "breast_lesion": {
      "DSC": 0.7700787850114911,
      "HD": 54.96084595460058,
      "num_samples": 333,
      "per_class": {
        "class_0": {
          "DSC": 0.9865951846812435,
          "HD": 22.652388050035626
        },
        "class_1": {
          "DSC": 0.7700787850114911,
          "HD": 54.96084595460058
        }
      }
    },
    "fetal_head": {
      "DSC": 0.9248661016438118,
      "HD": 41.96749154078102,
      "num_samples": 347,
      "per_class": {
        "class_0": {
          "DSC": 0.9659153216889818,
          "HD": 29.596543189674332
        },
        "class_1": {
          "DSC": 0.9248661016438118,
          "HD": 41.96749154078102
        }
      }
    },
    "cervix_multi": {
      "DSC": 0.8730606550177588,
      "HD": 35.03187831062951,
      "num_samples": 39,
      "per_class": {
        "class_0": {
          "DSC": 0.9748551602667436,
          "HD": 65.49771010602247
        },
        "class_1": {
          "DSC": 0.8882758298960434,
          "HD": 34.80782660930963
        },
        "class_2": {
          "DSC": 0.8578454801394741,
          "HD": 35.255930011949395
        }
      }
    },
    "cardiac_multi": {
      "DSC": 0.7985265088377499,
      "HD": 42.5000513363863,
      "num_samples": 180,
      "per_class": {
        "class_0": {
          "DSC": 0.967594426817019,
          "HD": 46.060286514886485
        },
        "class_1": {
          "DSC": 0.8777834847018673,
          "HD": 37.27861166522735
        },
        "class_2": {
          "DSC": 0.7517612570652189,
          "HD": 53.169655637501364
        },
        "class_3": {
          "DSC": 0.7660347847461634,
          "HD": 37.05188670643018
        }
      }
    },
    "ovary_tumor": {
      "DSC": 0.7901490909557322,
      "HD": 77.06927868396711,
      "num_samples": 132,
      "per_class": {
        "class_0": {
          "DSC": 0.9790456478323754,
          "HD": 40.12606412476203
        },
        "class_1": {
          "DSC": 0.7901490909557322,
          "HD": 77.06927868396711
        }
      }
    },
    "head_symphysis_multi": {
      "DSC": 0.8240731770907969,
      "HD": 14.065617561415003,
      "num_samples": 459,
      "per_class": {
        "class_0": {
          "DSC": 0.9781677816763299,
          "HD": 14.434063904168447
        },
        "class_1": {
          "DSC": 0.7507389603146449,
          "HD": 11.068122781802584
        },
        "class_2": {
          "DSC": 0.8974073938669488,
          "HD": 17.063112341027423
        }
      }
    },
    "carotid_artery": {
      "DSC": 0.87934754531411,
      "HD": 15.394923459495153,
      "num_samples": 99,
      "per_class": {
        "class_0": {
          "DSC": 0.9973725995063047,
          "HD": 15.980476666444911
        },
        "class_1": {
          "DSC": 0.87934754531411,
          "HD": 15.394923459495153
        }
      }
    },
    "cervix": {
      "DSC": 0.823134960421349,
      "HD": 35.56353663924038,
      "num_samples": 49,
      "per_class": {
        "class_0": {
          "DSC": 0.9946047166638483,
          "HD": 17.81581976386695
        },
        "class_1": {
          "DSC": 0.823134960421349,
          "HD": 35.56353663924038
        }
      }
    },
    "fetal_abdomen_multi": {
      "DSC": 0.44519460892791624,
      "HD": 405.16124358482284,
      "num_samples": 143,
      "per_class": {
        "class_0": {
          "DSC": 0.9866536905221801,
          "HD": 58.583423952028056
        },
        "class_1": {
          "DSC": 0.19999629513015807,
          "HD": 777.2024700068098
        },
        "class_2": {
          "DSC": 0.6927645190203594,
          "HD": 95.09177610220382
        },
        "class_3": {
          "DSC": 0.4405227096583268,
          "HD": 473.78070765810213
        },
        "class_4": {
          "DSC": 0.4474949119028206,
          "HD": 274.57002057217574
        }
      }
    },
    "fetal_heart": {
      "DSC": 0.875920769884443,
      "HD": 37.062819499151765,
      "num_samples": 27,
      "per_class": {
        "class_0": {
          "DSC": 0.992418198721989,
          "HD": 29.50203668898314
        },
        "class_1": {
          "DSC": 0.875920769884443,
          "HD": 37.062819499151765
        }
      }
    },
    "thyroid_nodule": {
      "DSC": 0.750045372535993,
      "HD": 66.19431186381938,
      "num_samples": 314,
      "per_class": {
        "class_0": {
          "DSC": 0.9707913448063239,
          "HD": 29.847797394800796
        },
        "class_1": {
          "DSC": 0.750045372535993,
          "HD": 66.19431186381938
        }
      }
    },
    "lung": {
      "DSC": 0.825095902742745,
      "HD": 40.72485157943928,
      "num_samples": 278,
      "per_class": {
        "class_0": {
          "DSC": 0.9491448064962016,
          "HD": 29.661285041840248
        },
        "class_1": {
          "DSC": 0.825095902742745,
          "HD": 40.72485157943928
        }
      }
    }
  },
  "classification": {
    "breast_2cls": {
      "AUC": 0.9779220779220779,
      "Accuracy": 0.9518072289156626,
      "F1_macro": 0.9461038961038961,
      "F1_weighted": 0.9518072289156626,
      "MCC": 0.8922077922077922,
      "num_samples": 83,
      "per_class": {
        "class_0": {
          "F1": 0.9636363636363636
        },
        "class_1": {
          "F1": 0.9285714285714286
        }
      }
    },
    "fetal_sacral_pos_cls": {
      "AUC": 0.0,
      "Accuracy": 0.875,
      "F1_macro": 0.8792013793828676,
      "F1_weighted": 0.876052864256131,
      "MCC": 0.852132139089202,
      "num_samples": 72,
      "per_class": {
        "class_0": {
          "F1": 0.8461538461538461
        },
        "class_1": {
          "F1": 0.9473684210526315
        },
        "class_2": {
          "F1": 0.896551724137931
        },
        "class_3": {
          "F1": 0.8
        },
        "class_4": {
          "F1": 0.8461538461538461
        },
        "class_5": {
          "F1": 1.0
        },
        "class_6": {
          "F1": 0.8181818181818182
        },
        "class_7": {
          "F1": 0.0
        }
      }
    },
    "fetal_plane_cls": {
      "AUC": 0.9920218277832852,
      "Accuracy": 0.8987455197132617,
      "F1_macro": 0.8739085274990849,
      "F1_weighted": 0.8967723814590506,
      "MCC": 0.874240474709669,
      "num_samples": 1116,
      "per_class": {
        "class_0": {
          "F1": 0.7008547008547008
        },
        "class_1": {
          "F1": 0.9525423728813559
        },
        "class_2": {
          "F1": 0.8645833333333334
        },
        "class_3": {
          "F1": 0.8660968660968661
        },
        "class_4": {
          "F1": 0.9905956112852664
        },
        "class_5": {
          "F1": 0.8687782805429864
        }
      }
    },
    "breast_3cls": {
      "AUC": 0.9903349125561552,
      "Accuracy": 0.9618320610687023,
      "F1_macro": 0.9570783826102977,
      "F1_weighted": 0.9617569696829076,
      "MCC": 0.9397792513325142,
      "num_samples": 131,
      "per_class": {
        "class_0": {
          "F1": 0.9714285714285714
        },
        "class_1": {
          "F1": 0.9361702127659575
        },
        "class_2": {
          "F1": 0.9636363636363636
        }
      }
    },
    "organ_cls": {
      "AUC": 0.9990842490842491,
      "Accuracy": 0.8484848484848485,
      "F1_macro": 0.8526455026455028,
      "F1_weighted": 0.8384319384319384,
      "MCC": 0.8280248576366243,
      "num_samples": 33,
      "per_class": {
        "class_0": {
          "F1": 0.9333333333333333
        },
        "class_1": {
          "F1": 0.7777777777777778
        },
        "class_2": {
          "F1": 0.8333333333333334
        },
        "class_3": {
          "F1": 1.0
        },
        "class_4": {
          "F1": 0.5714285714285714
        },
        "class_5": {
          "F1": 1.0
        }
      }
    },
    "liver_lesion_2cls": {
      "AUC": 0.9658241249255608,